{
    "name": "App Zone",
    "version": "3.0.3",
    "meta": {
        "title": "Free template App Zone",
        "description": "",
        "keywords": ""
    },
    "description": [
        {
            "name": "PSD included",
            "items": []
        },
        {
            "name": "Features",
            "items": ["Clean, Crisp, Professional Design", "Crossbrowser Compatible", "Responsive Action – looks great on computer, tablets and smartphones.", "Easy to Customize", "Developer Friendly Code"]
        },
        {
            "name": "Plugins",
            "items": [
                "<a href='http://sorgalla.com/jcarousel'>jQuery Carousel</a>",
                "<a href='https://github.com/peachananr/onepage-scroll'>jQuery Onepage scroll</a>"
            ]
        },
        {
            "name": "Credits",
            "items": [
                "jQuery - <a href='http://jquery.com'>jquery.com</a>",
                "Google Fonts - <a href='http://www.google.com/webfonts'>google.com/webfonts</a>",
                "Twitter Bootstrap - <a href='http://getbootstrap.com/'>getbootstrap.com</a>"
            ]
        }
    ]
}