{
    "name": "Mojito",
    "slug": "mojito",
    "version": "3.0.3",
    "meta": {
        "title": "Free template Mojito",
        "description": "",
        "keywords": ""
    },
    "description": [
        {
            "name": "PSD included",
            "items": []
        },
        {
            "name": "Features",
            "items": ["Clean, Crisp, Professional Design", "Crossbrowser Compatible", "Responsive Action – looks great on computer, tablets and smartphones.", "Easy to Customize", "Developer Friendly Code"]
        },
        {
            "name": "Plugins",
            "items": ["<a href='http://getbootstrap.com/javascript/#carousel'>Bootstrap Carousel</a>"]
        },
        {
            "name": "Credits",
            "items": [
                "jQuery - <a href='http://jquery.com'>jquery.com</a>",
                "Google Fonts - <a href='http://www.google.com/webfonts'>google.com/webfonts</a>",
                "Twitter Bootstrap - <a href='http://getbootstrap.com/'>getbootstrap.com</a>"
            ]
        }
    ]
}
