{
    "name": "Zoo Planet",
    "preview": "/templates/onepage/ZooPlanet/view/preview.jpg",
    "thumb": "/templates/onepage/ZooPlanet/view/thumb.jpg",
    "zip": "/templates/onepage/ZooPlanet.zip",
    "index": "/templates/onepage/ZooPlanet/html/index.html",
    "slug": "zoo-planet",
    "version": "3.0.3",
    "meta": {
        "title": "Free template Zoo Planet",
        "description": "Zoo Planet template features crossbrowser compatible and responsive design. Bootstrap Carousel is applied among one page.",
        "keywords": "Zoo Planet template, html5 css3, crossbrowser compatible, responsive design"
    },
    "description": [
        {
            "name": "PSD included",
            "items": []
        },
        {
            "name": "Features",
            "items": ["Clean, Crisp, Professional Design", "Crossbrowser Compatible", "Responsive Action – looks great on computer, tablets and smartphones.", "Easy to Customize", "Developer Friendly Code"]
        },
        {
            "name": "Plugins",
            "items": ["<a href='http://getbootstrap.com/javascript/#carousel'>Bootstrap Carousel</a>"]
        },
        {
            "name": "Credits",
            "items": [
                "jQuery - <a href='http://jquery.com'>jquery.com</a>",
                "Google Fonts - <a href='http://www.google.com/webfonts'>google.com/webfonts</a>",
                "Twitter Bootstrap - <a href='http://getbootstrap.com/'>getbootstrap.com</a>",
                "Images - <a href='http://subtlepatterns.com/'>subtlepatterns.com</a>" 
            ]
        }
    ]
}
